Resource,Cost
VM1,4.800000000000001
VM2,4.800000000000001
WebApp1,2.88
